Number,Name,Description
1,Большетарханское городище,"В 4, 5 км к юго-востоку от с. Большие Тарханы Тетюшского района ТАССР на правом берегу Волги. Обследовано экспедицией КФАН СССР в 1950 и 1962 гг. Коллекция в ГМТР и АК КИЯЛИ АН СССР. Н.Ф. Калинин, А.Х. Халиков, 1954, стр. 45."
2,Большетарханское I селище,"В 700 м к юго-западу от с. Большие Тарханы на левом берегу речки Тарханки, левого притока р. Кильны, правого притока Свияги. Обследовано экспедицией КФАН СССР в 1950 г. Коллекции в ГМТР."
3,Большетарханское II селище,В 1 км к юго-западу от с. Большие Тарханы на правом берегу Тарханки. Обследова­но экспедицией КФАН СССР в 1950 г. Коллекции в ГМТР.
4,Большетарханское III селище,"В 300 м к юго-юго-за­паду от с. Большие Тарханы на правом берегу Тарханки. Об­следовано В. Ф. Генингом в 1957 г. Коллекции в АК КИЯЛИ АН СССР, инв. № БТ-57."
5,Большетарханское IV селище,"В 1 -1, 2 км к северо-за­паду от с. Большие Тарханы на левом берегу речки Тархан­ки. Обследовано археологической экспедицией КФАН СССР в 1957 г. Коллекции в АК КИЯЛИ АН СССР, инв. № БТ-IХ-57."
6,Большетарханское V селище,"В 1, 5 -2 км к западу-юго- западу от с. Большие Тарханы на левом берегу Тарханки. Обследовано в 1957 г. экспедицией КФАН СССР. Коллекции в АК КИЯЛИ АН СССР, инв. № БТС-57."
7,Большетарханское III местонахождение,"На террито­рии с. Большие Тарханы на правом берегу Тарханки. Об­следовано экспедицией КФАН СССР в 1957 г. Коллекции в АК КИЯЛИ АН СССР, инв. № БТ-V-57."
8,Тюкашинское местонахождение,"В 1200 м к востоку от дер. Тюкаши Тетюшского района ТАССР на правом бере­гу Волги. Обследовано экспедицией КФАН СССР 1957 г. Кол­лекция в АК КИЯЛИ АН СССР, инв. № ТЮ-57."
9,Юматихинское I селище,"В 1, 5 км к юго-западу от с. Юматиха Тетюшского района на правом берегу Волги. Об­следовано экспедицией КФАН СССР в 1949 г. Коллекция в ГМТР. Н.Ф. Калинин, 1952, стр. 58; Н.Ф. Калинин, А.Х. Халиков, 1954, стр. 46."
10,Юматихинское II селище,"В 1, 8 км к юго-западу от с. Юматиха на правом берегу Волги. Обследовано экспеди­цией КФАН СССР в 1949 г. Коллекции в ГМТР. Н.Ф. Кали­нии, 1952. стр. 58; Н.Ф. Калинин, А.Х. Халиков, 1954, стр. 46."
11,Юматихинское III селище,"В 1, 6 мм к юго-западу от с. Юматиха и к северу от Юматихинского II селища на правом берегу Волги. Обследовано экспедицией КФАН СССР 1949 г. Коллекции в ГМТР. Н.Ф. Калинин, 1952, стр. 58; Н.Ф. Калинин, А.Х. Халиков, 1954, стр. 46."
12,Юматихинское IV селище,"В 1, 3 км к юго-западу ог с. Юматиха на правом берегу Волги Обследовано экспеди­цией КФАН СССР 1949 г. Коллекции в ГМТР. Н.Ф. Калинин, 1952, стр. 58; Н.Ф. Калинин. А.Х. Халиков, 1954, стр. 46."
13,Тетюшское II городище,"В г. Тетюши ТАССР на правом берегу Волги. В 1949 и 1961 гг. обследовано экспе­дицией КФАН СССР. Коллекции в ГМТР, инв. № 11161. С.М. Шпилевский, 1877, стр. 320; Н.Ф. Калинин, 1952, стр. 58, 59; Н.Ф. Калинин, А.Х. Халиков, 1954, стр. 46 -47."
14,Тетюшское II селище,"В 800 м к северу от г. Тетюши на правом берегу Волги. Обследовано экспедицией КФАН СССР 1949 и 1961 гг. Коллекции в ГМТР, инв. № АА-216. Н.Ф. Калинин, 1952, стр. 58; Н.Ф. Калинин, А.Х. Халиков, 1954, стр. 46."
15,Елховское городище,"В 0, 9 км к северу от с. Елхово Камскоустьинского района ТАССР на правом берегу Волги. В 1949 и 1961 гг. обследовано экспедицией КФАН СССР. Коллекции в ГМТР, инв. Да АА-229. С.М. Шпилевский, 1877, стр. 320; Л. М. Тамбовцев, 1928; Н.Ф. Калинин, А.Х. Халиков, 1954, стр. 43 -44."
16,Елховское селище,К северо-востоку от Елховского городища. Обследовано экспедицией КФАН СССР в 1949 и 1961 гг. Коллекции в ГМТР и АК КИЯЛИ АН СССР.
17,Сюкеевское I селище,"В 2 км к югу от с. Сюкеево Камскоустьинского района ТАССР на левом берегу речки Кляри. правого притока Волги. Обследовано в 1949 г. экспе­дицией КФАН СССР. Коллекции в ГМТР, инв. Да АА-249. Н.Ф. Калинин, 1952, стр. 58; Н.Ф. Калинин, А.Х. Халиков, 1954, стр. 46."
18,Сюкеевское II селище,"В 1 км к северо-востоку от о. Сюкеево на левом берегу Кляри. Обследовано экспеди­цией КФАН СССР 1949 г. Коллекции в ГМТР, инв. № АА-222."
19,Мордовскокаратаевское I селище,"В 2 км к югу от с. Мордовские Каратаи Камскоустьинского района ТАССР на правом берегу Волги. Обследовано экспедицией КФАН СССР 1949 и 1961 гг. Коллекции в ГМТР, инв. № АА-245. Н.Ф. Калинин, 1952, стр. 58; Н.Ф. Калинин, А.Х. Xаликов, 1954, стр. 46."
20,Мордовскокаратаевское II селище,"В 2, 25 км к юго- востоку от с. Мордовские Каратаи на правом берегу Волги. Обследовано экспедицией КФАН СССР. 1949 г. Коллекции в ГМТР, инв. № АА-246. Н.Ф. Калинин, 1952, стр. 58; Н.Ф. Калинин, А.Х. Халиков, 1954, стр. 46."
21,Мордовскокаратаевское III селище,"В 2, 5 км к юго-во­стоку от с. Мордовские Каратаи на правом берегу Волги. Обследовано экспедицией КФАН СССР 1949 и 1961 гг. Кол­лекции в ГМТР, инв. № АА-247. Н.Ф. Калинин, 1952, стр. 58; Н.Ф. Калинин, А.Х. Халиков, 1954, стр. 46"
22,Мордовскокаратаевское IV селище,"В 2, 6 км к юго- востоку от с. Мордовские Каратаи на правом берегу Волги. Обследовано в 1949 и 1961 гг. экспедицией КФАН СССР. Коллекции в ГМТР, инв. № 44-248. И. Ф. Калинин. А.Х. Халиков, 1954, стр. 46."
23,Мордовскокаратаевское V селище,"В 2, 7 км к юго- востоку от с. Мордовские Каратаи на правом берегу Вол­ги. Обследовано экспедицией КФАН СССР в 1961 г. Кол­лекции в АК КИЯЛИ АН СССР."
24,Краснокаратаевское городище,"Около с. Красные Ка­ратаи Тетюшского района ТАССР на правом берегу Волги. Обследовано экспедицией КФАН СССР в 1949 г. Коллекции в ГМТР, инв. № АА-298. Н.Ф. Калинин, 1952, стр. 5S; Н.Ф. Калинин, А.Х.Ха л и ков, 1954, стр. 46."
25,Кирельское I селище,"В 1, 2 км к юго-западу от с. Ки- рельское Камскоустьинского района ТАССР на правом бере­гу Волги. Обследовано экспедицией КФАН СССР 1949 и 1961 гг. Коллекции в ГМТР, инв. № АА-242."
26,Кирельское II селище,"В 1, 2 км к югу от с. Кирельское  на правом берегу Волгл. Обследовано экспедицией КФАН СССР 1949 и 1961 гг. Коллекции в ГМТР. инв. № АА-243. Н.Ф. Калинин, 1948, стр. 12."
27,Кирельское III селище,У южной окраины с. Кирельское  на правом берегу Волги. Обследовано экспедицией КФАН СССР 1961 г. Коллекции в АК КИЯЛИ АН СССР.
28,Кирельское I городище (Сокол I),"В 1 км к югу от с. Кирельское на мысу правого берега Волги. В 1928 г. об­следовалось Н.Ф. Калининым, в 1949 и 1961 гг.  -экспеди­цией КФАН СССР. Коллекции в ГМТР, инв. № АА-228. С.М. Шпилевский, 1877, стр. 318; П. А. Пономарев. 1893, стр. 3 -5; Н.Ф. Калинин, 1928, стр. 12; он ж е, 1952, стр. 58; Н.Ф. Калинин, А.Х. Халиков, 1954, стр. 46."
29,Кирельское II городище (Сокол II),"В 1, 2 км к югу от с. Кирельское на мысу правого берега Волги. В 1928 г. об­следовалось Н.Ф. Калининым, в 1949 и 1961 гг.  - экспеди­цией КФАН СССР. Коллекции в ГМТР, инв. № АА-224. С. М. Ш п и л е в с к и и, 1877, стр. 318; П. А. Пономарев, 1893, стр. 3 -5; Н.Ф. Калинин, 1928, стр. 12; он же, 1952, стр. 58 -59; Н.Ф. Калинин, А.Х. Халиков, 1954, стр. 46 -47."
30,Камскоустьинское I селище (Обач),"В 300 м к юго- востоку от пос. Камское Устье ТАССР на правом берегу Вол­ги. Обследовано экспедицией КФАН СССР 1949 г. Коллек­ции в ГМТР, инв. № АА-233. Н.Ф. Калинин, 1952, стр. 58; Н.Ф. Калинин, А.Х. Халиков, 1954, стр. 46."
31,Камскоустьинское II селище (Обач),"В 700 м к юго- востоку от пос. Камское Устье на правом берегу Волги. Об­следовано экспедицией КФАН СССР 1949 и 1961 гг. Коллек­ции в ГМТР, инв. № АА-233. Н.Ф. Калинин, 1952, стр. 58; Н.Ф.К а л и нин, А.Х.X а л и ков, 1954, стр. 46."
32,Камскоустьинское городище (Обач),"В 700 м к юго- востоку от пос. Камское Устье на правом берегу Волги. Об­следовано в 1949 и 1961 гг. экспедицией КФАН СССР. Кол­лекции в ГМТР, инв. № АА-233. Н.Ф. Калинин, 1952, стр. 58; Н.Ф. Калинин, А.Х. Халиков, 1954, стр. 46."
33,Русскобуртасское I городище,"В 500 м к северу от с. Русские Буртасы Камскоустьинского района ТАССР на правом берегу Волги. Обследовано экспедицией КФАН СССР в 1950, 1957, 1960 гг. Коллекции в ГМТР и АК КИЯЛИ АН СССР. Н.Ф. Калинин, А.Х. Халиков, 1954, стр. 46."
34,Русскобуртасское II городище,"В 400 м к северо-севе­ро-востоку от с. Русские Буртасы на правом берегу Волги. Обследовано экспедицией КФАН СССР в 1950, 1957, 1960 гг. Коллекции в ГМТР и АК КИЯЛИ АН СССР."
35,Теньковское селище,В 420 м к северу от с. Теньки Камскоустьинского района ТАССР на правом берегу Волги. Обследовано экспедицией КФАН СССР 1960 г. Коллекции в АК КИЯЛИ АН СССР.
36,Теньковское городище,В 400 м к северу от с. Тень­ки на правом берегу Волги. Обследовано экспедицией КФАН СССР 1960 г. Коллекции в АК КИЯЛИ АН СССР.
37,Карамышихинское селище,В 350 м к северо-западу от дер. Карамышиха Верхнеуслонского района ТАССР на правом берегу Свияги. Обследовано экспедицией КФАН СССР 1950 г. Коллекции в ГМТР.
38,Карамышихинское городище,"В 300 м к северо-за­паду от дер. Карамышиха на правом берегу Свияги. Обсле­довано экспедицией КФАН СССР 1950 г. Коллекции в ГМТР, инв. № АА-322. Н.Ф. Калинин, А.Х. Халиков, 1951, стр. 46."
39,Нижнебарышевское селище,"В 800 м к западу от дер. Нижнее Барышево Апастовского района ТАССР на правом берегу речки Сухая Улема, правого притока Свияги. Обсле­довано экспедицией КФАН СССР 1961 г. Коллекции в АК КИЯЛИ АН СССР."
40,Булын-Булыхчинское II селище,"В 1 км к юго-запа­ду от дер. Булын-Булыхча Апастовского района ТАССР на правом берегу Свияги. Обследовано экспедицией КФАН СССР 1957 г. Коллекции в АК КИЯЛИ АН СССР, инв. № Б-Б-П-57."
41,Апастовское городище,"К северу от с. Апастово Апастовского района ТАССР на левом берегу речки Табарли, левого притока Улемы, правого притока Свияги. Обследовано экспедицией КФАН СССР 1949 г. Коллекции в ГМТР, инв. № АА-301. Н.Ф. Калинин, 1952, стр. 58; Н.Ф. Калинин, А.Х. Халиков, 1954, стр. 46."
42,Бишевское городище,"В 300 м к северо-востоку от дер. Бишево Апастовского района на левом берегу Свияги. В 1957 г. обследовано экспедицией КФАН СССР. Коллекции в АК КИЯЛИ АН СССР, инв. № Биш-57. ИОАИЭ, т. III. 1884, стр. 78."
43,Бишевское селище,"За валом Бишевского городища. Обследовано экспедицией КФАН СССР 1957 г. Коллекции в АК КИЯЛИ АН СССР, инв. № Биш-57."
44,Чирки-Бибкеевское I селище,"В 3, 2 км к северо-во­стоку от с. Чирки-Бибкеево Буинского района ТАССР па правом берегу Свияги. Обследовано экспедицией КФАН СССР 1952 г. Коллекции в ГМТР, инв. № АА-221. Н.Ф.К а ли н и н, 1952, стр. 58; Н.Ф. Калинин, А.Х. Халиков, 1954 стр. 46."
45,Чирки-Бибкеевское II селище,"В 2, 7 км к северо-во­стоку от с. Чирки-Бибкеево на правом берегу Свияги. Обсле­довано экспедицией КФАН СССР 1949 г. Коллекции в ГМТР, инв. № АА-240. Н.Ф. Калинин, А.Х. Халиков, 1954, стр. 46."
46,Чирки-Бибкеевское III селище,"В 2, 8 км к северо- востоку от с. Чирки-Бибкеево на правом берегу Свияги. Об­следовано экспедицией КФАН СССР 1949 г. Коллекции в ГМТР, инв. № АА-221. Н.Ф. Калинин, А.Х. Халиков, 1954, стр. 46."
47,Чирки-Бибкеевское IV селище,"В 2, 5 км к востоку-се­веро-востоку от села Чирки-Бибкеево на правом берегу Свияги . Обследовано экспедицией КФАН СССР 1949 г. Коллекции в ГМТР, инв. № АА-221. Н.Ф. Калинин, 1928, стр. 58; Н.Ф. Калинин, А.Х. Халиков, 1954, стр. 46."
48,Чирки-Бибкеевское V селище,"В 2, 4 км к северо восто­ку от с. Чирки-Бибкеево на правом берегу Свияги. Обследова­но экспедицией КФАН СССР 1949 г. Коллекции в ГМТР, инв. № АА-221. Н.Ф. Калинин, 1952, стр. 58; Н.Ф. Калинин, А.Х. Халиков, 1954, стр. 46."
49,Чирки-Бибкеевское I городище,"В 3 км к северо-востоку  от с. Чирки-Бибкеево на правом берегу Свияги. Об­следовано экспедицией КФАН СССР 1949 г. Коллекции в ГМТР, инв. № АА-220. Л. М. Тамбовцев, 1928, стр. 16; Н.Ф. Калинин, 1952, стр. 58; Н.Ф. Калинин, А.Х. Халиков, 1954, стр. 46."
50,Чирки-Бибкеевское II городище,"В 2, 6 км к северо- востоку от с. Чирки-Бибкеево на правом берегу Свияги. Об­следовано экспедицией КФАН СССР 1949 г. Коллекции в ГМТР. Л. М. Тамбовцев, 1928, стр. 16; Н.Ф. Калинин, 1952. стр. 58; Н.Ф. Калинин, А.Х. Халиков, 1954, стр. 46."
51,Япанчинское (Луковское) селище,"У с. Луковское Зе­ленодольского района ТАССР на правом берегу Кубни, ле­вого притока Свияги, на месте Япапчинского городища. Об­следовано экспедицией КФАН СССР 1950 г. Коллекции в ГМТР. ИОАИЭ, т. XII, вып. 2, 1894, стр. 179 -181; Г. Ахмаров, 1910, стр. 402."
52,Большефроловское городище,"В 3 км к северо-западу от с. Большое Фролово Буинского района ТАССР на правом берегу речки Чирки, правого притока Свияги. Обследовано экспедицией КФАН СССР 1949 г. Коллекции в ГМТР, инв. № АА-307. «Казанские губернские ведомости», № 51, 1856; ИОАИЭ, т. 5, 1884, стр. 15 -16; С.М. Шпилевский, 1887, стр. 497; Н.Ф. Калинин, 1952, стр. 58; Н.Ф. Калинин, А.Х. Халиков, 1954, стр. 46."
53,Большефроловское I селище,"За линией укреплений Большефроловского городища. Обследовано экспедицией КФАН СССР 1949 г. Коллекции в ГМТР. Н.Ф. Калинин, А.Х. Халиков, 1954, стр. 46."
54,Большефроловское II селище,"В 4, 5 км к северо-за­паду от с. Большое Фролово на правом берегу Свияги. Об­следовано археологической экспедицией КФАН СССР 1949 г. Коллекции в ГМТР, инв. № АА-306. Н.Ф. Калинин, 1952, стр. 58; Н.Ф. Калинин, А.Х. Халиков, 1954. стр. 46."
55,Степановское I городище,"В 1 км к северо-северо-за­паду от с. Степановка Буинского района ТАССР на правом берегу Свияги. Обследовано экспедицией КФАН СССР 1949 г. Коллекции в ГМТР, инв. № АА-230. ИОАИЭ, т. V, 1884. стр. 15; Л. М. Т а м б о в ц е в, 1928, стр. 17; Н.Ф. Калинин, 1952, стр. 59; Н.Ф. Калинин, А.Х. Халиков, 1954, стр. 46 -48."
56,Степановское II городище (Шишка),"В 2, 5 км к юго-востоку от с. Степановка на правом берегу речки Тоши, пра­вого притока Свияги. Обследовано экспедицией КФАН СССР 1949 г."
57,Степановское II селище,"В 1700 м к северо-западу от с. Степановка на правом берегу Свияги. Обследовано экспе­дицией КФАН СССР 1949 г. Коллекции ГМТР, инв. № АА-227. Н.Ф. Калинин, 1952, стр. 58; Н.Ф. Калинин, А.Х. Халиков, 1954, стр. 46."
58,Степановское III селище,"В 2, 5 км к юго-востоку от с. Степановка на правом берегу речки Тоши, правого при­тока Свияги. Обследовано экспедицией КФАН СССР 1949 г. Коллекции в ГМТР, инв. № АА-235. Н.Ф. Калинин, 1952, стр. 58; Н.Ф. Калинин, А.Х. Халиков, 1954, стр. 46."
59,Степановское IV селище,"В 3, 5 км к северо-западу от с. Степановка на правом берегу Свияги. Обследовано экс­педицией КФАН СССР 1949 г. Коллекции в ГМТР, инв. № АА-239. Н.Ф. Калинин, 1952, стр. 58; Н.Ф. Калинин, А.Х. Халиков, 1954, стр. 46."
60,Степановское V селище,"В 0, 6 -0, 7 км к востоку от с. Степановка на правом берегу речки Тоши. Обследовано эк­спедицией КФАН СССР 1949 г. Коллекции в ГМТР, инв. № АА-292. Н.Ф. Калинин, 1952, стр. 58; Н.Ф. Калинин, А.Х. Халиков, 1954, стр. 46."
61,Большекарлангинское городище,"В 2 км к юго-западу от с. Большая Карланга Буинского района ТАССР, на правом берегу Свияги. Обследовано экспедицией КФАН СССР 1949 г. Коллекции в ГМТР, инв. № АА-234. Н.Ф.К а ли ни н, 1952, стр. 58; Ф. Калинин, А.Х. Халиков, 1954, стр. 46."
62,Большекарлангинское I селище,"В 2 км к юго-западу от с. Большая Карланга, на правом берегу речки Тоши, пра­вого притока Свияги. Обследовано экспедицией КФАН СССР 1949 г. Коллекции в ГМТР, инв. № АА-280. Н.Ф.Кали н и н, 1952, стр. 58; Н.Ф. Калинин, А.Х. Халиков, 1954, стр. 46."
63,Большекарлангинское II селище,"В 2, 4 км к юго- западу от с. Большая Карланга, на правом берегу Свияги. Обследовано экспедицией КФАН СССР 1949 г. Коллекции в ГМТР, инв. № AA-281. Н.Ф. Калинин, 1952, стр. 58; Н.Ф. Калинин, А.Х. Халиков, 1954, стр. 46."
64,Большекарлангинское III селище,"В 3, 2 км к юго-за­паду от с. Большая Карланга. Обследовано экспедицией КФАН СССР 1949 г. Коллекции в ГМТР, инв. № АА-238. Н.Ф. Калинин, 1952, стр. 58; Н.Ф. Калинин, А.Х.X аликов, 1954, стр. 46."
65,Большекарлангинское IV селище,"В 4, 1 км к юго- западу от села Большая Карланга, на правом берегу Свияги. Обследовано экспедицией КФАН СССР 1949 г. Коллекции в ГМТР. Н.Ф. Калинин, 1952, стр. 58; Н.Ф. Калинин, А.Х. Халиков, 1954, стр. 46."
66,Большекарлангинское V селище,"В 5 км к юго-западу от с. Большая Карланга, на правом берегу Свияги. Обсле­довано экспедицией КФАН СССР 1949 г. Коллекции в ГМТР, инв. № АА-241."
67,Козловское селище,"На восточной окраине с. Козлов­ка Буинского района ТАССР на левом берегу Свияги. Обсле­довано экспедицией КФАН СССР 1957 г. Коллекции в ГМТР, инв. № K-II-57."
68,Краснопольское I селище,"В 2 км к западу от с. Крас­ное Поле Буинского района ТАССР на правом берегу речки Киять, правого притока Свияги. Обследовано экспедицией КФАН СССР 1949 г. Коллекции в ГМТР, инв. № АА-283. Н.Ф. Калинин, 1952, стр. 58; Н.Ф. Калинин, А.Х. Xаликов, 1954, стр. 46."
69,Краснопольское II селище,"В 3 км к западу от с. Красное Поле на правом берегу Свияги. Обследовано эк­спедицией КФАН СССР 1949 г. Коллекции в ГМТР, инв. № АА-284. Н.Ф. Калинин, 1952, стр. 58; Н.Ф. Калинин, А.Х. Халиков, 1954, стр. 46."
70,Старобурундуковское местонахождение (Красная Круча),"В 0, 5 км к северо-северо-востоку от с. Старые Бурун­дуки Буинского района ТАССР на левом берегу Свияги. Об­следовано экспедицией КФАН СССР 1957 г. Коллекции в АК КИЯЛИ АН СССР, инв. № СТ-Б-57."
71,Кильнинское II селище,"В 0, 5 км к северо-востоку от Дер. Кильни Буинского района ТАССР. Обследовано экспе­дицией КФАН СССР 1949 г. Коллекции в ГМТР, инв. № 11219."
72,Чабровское селище,"На северной окраине дер. Чабры Буинского района ТАССР на левом берегу Свияги. Обследовано  экспедицией КФАН СССР 1957 г. Коллекции в АК КИЯЛИ АН СССР, инв. № Ч-57."
73,Кищакское V селище,"В 1 км к северо-западу от с. Кищаки Буинского района ТАССР на правом берегу речки Кильни, правого притока Свияги. Обследовано экспедицией КФАН СССР 1949 г. Коллекции в ГМТР, инв. № АА-264."
74,Киртелинское селище,"В 1, 5 км к северо-востоку от с. Киртели Тетюшского района ТАССР на левом берегу реч­ки Карчелки, правого притока р. Кильни, правого притока Свияги, на месте Киртелинское городища. Обследовано эк­спедицией КФАН СССР 1957 г. Коллекции в АК КИЯЛИ АН СССР, инв. № Кир-III-57."
75,Киртелинское I местонахождение,"К северо-западу от Киртелинского селища. Обследовано экспедицией КФАН СССР 1957 г. Коллекции в АК КИЯЛИ АН СССР, инв. № Кпр-Ш-57."
76,Селище Красный Восток,"В 1 -1, 5 км к северо-западу от дер. Красный Восток Тетюшского района ТАССР на пра­вом берегу речки Карчелки, левого притока Свияги. Обследо­вано экспедицией КФАН СССР 1957 г. Коллекции в АК КИЯЛИ АН СССР, инв. № КВ-57."
77,Сюндюковское I селище,"В 1 км к северо-востоку от с. Сюндюково Тетюшского района ТАССР на правом берегу Свияги. Обследовано экспедицией КФАН СССР 1957 г. Кол­лекции в АК КИЯЛИ АН СССР, инв. № Су-III-57."
78,Сюндюковское II селище,На юго-западной окраине с. Сюндюково на правом берегу Свияги. Обследовано экспе­дицией КФАН СССР 1957 г. Коллекции в АК КИЯЛИ АН СССР. инв. № Су-57.
79,Сюндюковское местонахождение,Расположено в 2 км к юго-юго-западу от с. Сюндюково на правом берегу Свияги. Обследовано экспедицией КФАН СССР 1957 г. Коллекции в АК КИЯЛИ АН СССР.
80,Нижнетарханское местонахождение,"В 0, 5 -0, 6 км к северо-востоку от с. Нижние Тарханы Тетюшского района ТАССР на левом берегу речки Тарханки, левого притока Кильни, правого притока Свияги. Обследовано экспедицией КФАН СССР 1957 г. Коллекция в АК КИЯЛИ АН СССР, инв. № НТ-Н-57."
81,Баргузинское селище,"В 1, 5 км к югу от с. Баргу- зино Тетюшского района ТАССР на правом берегу Волги. Об­следовано экспедицией КФАН СССР 1949 г. Коллекции в ГМТР, инв. № АА-277. Н.Ф. Калинин, 1952, стр. 52."
82,Саралинское I городище (Тексер  - Лысая гора),"В 3, 5 км к юго-западу от с. Саралы Лаишевского района ТАССР на левом берегу Волги. Обследовано экспедицией КФАН СССР 1951 г. Коллекции в ГМТР."
83,Саралинское II городище,К северо-западу от Саралинского I городища на левом берегу Волги. Обследовано экспедицией КФАН СССР 1951 г. Коллекции в ГМТР.
84,Ташкирменьское I городище,"К югу от с. Ташкирмень Лаишевского района ТАССР на правом берегу Мёши, правого притока Камы. Известно с середины XIX в. Обследовано экспедицией КФАН СССР 1948 г. Коллекции в ГМТР, инв. № 11002. А. А. Стоянов, 1871, стр. 9; К. И. Н е в о с т р у е в, 1871. стр. 573; Н. А. Толмачев, 1879; Н.Ф. Калинин, А.Х. Халиков, 1954, стр. 48."
85,Ташкирменьское I селище,"К юго-востоку от Ташкирменьского I городища на правом берегу Мёши. Обследовано экспедицией КФАН СССР 1948 г. Коллекции в ГМТР, инв. № 11002. Н.Ф.Кали нин, А.Х. Халиков, 1954, стр. 46."
86,Ташкирменьское II городище,"В 150 м к северо-запа­ду от Ташкирменьского I городища. Обследовано экспеди­цией КФАН СССР 1948 г. Коллекции в ГМТР, инв. № 11002. Н.Ф. Калинин, А.Х. Халиков, 1954, стр. 48."
87,Ташкирменьское II селище,"К северу от Ташкир­меньского II городища. Обследовано экспедицией КФАН СССР 1948 г. Коллекции в ГМТР, инв. № 11002. Н.Ф. Калинин, А.Х. Халиков, 1954, стр. 48."
88,Ташкирменьское III селище,В 2 км к юго-западу от с. Ташкирмень на правом берегу Камы. Обследовано экспе­дицией КФАН СССР 1948 г. Коллекции в ГМТР.
89,Ташкирменьское IV селище,К востоку от Ташкирменьского I городища. Обследовано экспедицией КИЯЛИ АН СССР 1965 г. Коллекции в АК КИЯЛИ АН СССР.
90,Ташкирменьское V селище,К северу от Ташкирменьского  I городища. Обследовало экспедицией КИЯЛИ АН СССР 1965 г. Коллекции в АК КИЯЛИ АН СССР.
91,Ташкирменьское VI селище,К западу от Ташкир­меньского I городища Обследовано экспедицией КИЯЛИ АН СССР 1965 г. Коллекции в АК КИЯЛИ АН СССР. 
92,Ташкирменьское местонахождение,"Около с. Ташкирмень найдены железные ральники, поступившие в музеи ОАИЭ и коллекцию В. И. Заусайлова. Коллекции ГМТР, инв. № 5377; Хельсинки, Национальный музей Финляндии, инв. № 5384 -3119. А. А. Ш т у к е н б е р г, 4896, табл. 1; Н.Ф. Калинин, А.Х. Халиков, 1954, стр. 47, рис. 16 -27."
93,Рождественское городище,"В 0, 5 км к северу от с. Рождествено Лаишевского района ТАССР на правом берегу Мёши, правого притока Камы. Обследовано экспедиция­ми КФАН СССР и Казанского госуниверситета в 1948, 1951, 1952, 1956, 1958 гг. Н.А. Головкинский, 1868, стр. 31, 32; «Труды I АС», т. 1. М., 1871, стр. 33; А. И. Стоянов, 1871, стр. 2 -4; Т. Яковлев, 1892, стр. 453; В. Ф. Генин г и др., 1962, стр. 99."
94,Рождественский II могильник,"К юго-западу от Рож­дественского городища на правом берегу Мёши. Исследовано экспедициями КФАН СССР и КГУ в 1948, 1956 -1958 гг. Кол­лекции в ГМТР и КГУ. Н.Ф. Калинин, А.Х. Халиков, 1954, стр. 47, 53 -54; В.Ф. Генинг, 1959, стр. 209; 1960, стр. 133 -143; он же и др., 1962, стр. 26 -51."
95,Рождественское III селище,"На северной окраине ста­рого с. Рождествено на правом берегу Мёши. Обследовано экспедицией КФАН СССР 1948 г. Коллекции в ГМТР. Н.Ф. Калинин, А.Х. Халиков, 1954, стр. 46."
96,Рождественское IV селище,"За валом Рождественско­го городища. Обследовано экспедициями КФАН СССР и КГУ в 1948. 1956 и 1958 гг. Коллекции в ГМТР и кабинете архео­логии КГУ. Н.А. Головкинский, 1868, стр. 31 -32; «Тру­ды I АС», т. 1. М., 1871, стр. 33; А. И. Стоянов, 1871, стр. 2 -4; Т. Яковлев, 1892, стр. 453; Н. Ф, Калинин, А.Х. Халиков, 1954, стр. 46; В.Ф. Генинг, 1959, стр. 208, 209; он же, 1960, стр. 131 -133; он же и др., 1962, стр. 11 -26."
97,Карадулинское селище,"На территории с. Карадули Лаишевского района ТАССР на правом берегу Мёши. Обсле­довано экспедицией КФАН СССР 1948 г. Коллекции в ГМТР, инв. № 11026."
98,Лаишевское II селище,"В 2, 5 км к востоку от г. Лаишева ТАССР на левом берегу оврага Большая Чакма. Обсле­довано экспедицией КФАН СССР 1961 г. Коллекции в АК КИЯЛИ АН СССР."
99,Серебречихинское I селище,"В 2 км к северо-востоку от дер. Серебречиха Лаишевского района ТАССР на правом берегу Брыски, правого притока Камы. Обследовано экспе­дицией КФАН СССР 1948 и 1961 гг. Коллекции в ГМТР. Н.Ф. Калинин, А.Х. Халиков, 1954, стр. 46."
100,Серебречихинское II селище,"В 0, 2 км к северу от дер. Серебречиха на правом берегу Брыски. Обследовано эк­спедицией КФАН СССР 1948 г. Коллекции в ГМТР. Н.Ф.Калинин, А.Х. Халиков, 1954, стр. 46."
101,Чирпынское селище,"В 1, 5 км к северо-западу от с. Чирпы Лаишевского района ТАССР на правом берегу Брыски. правого притока Камы. Обследовано экспедицией КФАН СССР 1948 и 1961 гг. Коллекции в ГМТР. Н.Ф.К ал и нин, А.Х. Халиков, 1954, стр. 46."
102,Именьковское I городище,"В 1 км к северо-западу от с. Именьково Лаишевского района ТАССР на левом бере­гу Брыски, правого притока Камы. В 1953 и 1954 гг. иссле­довано Куйбышевской археологической экспедицией. Коллекции  в ГМТР, инв. № 1100/АА-184. А. И. Стоянов, 1871; С. М. Шпилевский, 1877, стр. 385 -386; П. А. Понома­рев, 1895, стр. 16; Н.Ф. Калинин, А.Х. Халиков, 1954. стр. 46; они же, 1960."
103,Именьковское I местонахождение,К западу от с. Именьково на левом берегу Брыски. Обследовано экспеди­цией КФАН СССР 1948 г. Коллекции в ГМТР.
104,Именьковское II местонахождение,К северу от с. Именьково Лаишевского района на левом берегу Брыски. Обследовано экспедицией КФАН СССР 1948 г. Коллекции в ГМТР.
105,Именьковское селище,"К югу от рва Именьковского I городища. Обследовано экспедицией КФАН СССР 1948 г. Коллекции в ГМТР. Н.Ф. Калинин, А.Х. Xаликов, 1954, стр 46."
106,Именьковское II городище,"У восточной окраины с. Именьково. Обследовано экспедицией КФАН СССР 1948 г. и КИЯЛИ АН СССР 1965 г. Коллекции в ГМТР. С. М. Шпилевский, 1877, стр. 364; Н.Ф. Калинин, А.Х. Халиков, 1954, стр. 49."
107,Полянкинское селище,"В 0, 5 -0, 6 км к западу-юго- западу от дер. Полянки Лаишевского района ТАССР на пра­вом берегу Камы. Обследовано экспедицией КФАН СССР 1948 и 1961 гг. Коллекции в ГМТР."
108,Шуранское I селище,"В 1 км к востоку от с. Шуран Лаишевского района на правом берегу оврага Гремячий Ключ, правого притока Камы. Обследовано экспедициями КФАН СССР 1948 и 1961 гг. Коллекции в ГМТР. Н.Ф. Калинин, А.Х. Халиков, 1954, стр. 46."
109,Шуранское II селище (Гремячий Ключ),"К востоку от Шуранского I селища на правом берегу оврага Гремячий Ключ. Обследовано экспедицией КФАН СССР 1948 г. Кол­лекции в ГМТР. Н.Ф. Калинин, А.Х. Халиков, 1954, стр. 45."
110,Троицкоурайское I городище,"В 1, 2 км к северо- западу от с. Троицкий Урай Рыбнослободского района ТАССР на правом берегу Камы. Обследовано экспедицией КФАН СССР 1955 г. П. А. Пономарев, 1895, стр. 223 -224; Н.Ф. Калинин, А.Х. Халиков, 1960, стр. 250."
111,Троицкоурайское селище,К северу за валом Троицкоурайского I городища. Обследовано экспедициями КФАН СССР 1955 г. и КИЯЛИ АН СССР 1965 г.
112,Троицкоурайское II городище,"К востоку от Троицкоурайского  I городища. Обследовано экспедициями КФАН СССР 1955 и КИЯЛИ АН СССР 1965 гг. П. А. П о н о м а р е в, 1895, стр. 223; Н.Ф. Калинин, А.Х. Халиков, 1960, стр. 250."
113,Городище Черепашье,К юго-западу от дер. Чере­пашье Рыбнослободского района ТАССР на правом берегу Камы. Обследовано экспедицией КФАН СССР 1955 г.
114,Городище Тарасова Пристань,"В 1, 5 км к юго-запа­ду от пионерлагеря Камского речного пароходства у дер. Тарасова Пристань Мамадышского района ТАССР на правом берегу Камы. Обследовано экспедицией КФАН СССР 1955 г. Н.Ф. Калинин, А.Х. Халиков, 1960, стр. 250."
115,Сикенесьское I городище,"В 4, 2 км к юго-востоку от с. Сикенесь Мамадышского района ТАССР на правом бере­гу Камы. Обследовано экспедицией КФАН СССР 1955 г."
116,Мамадышское селище,На юго-западной окраине г. Мамадыш ТАССР на правом берегу Вятки. Поселение об­следовано экспедицией КФАН СССР 1956 г.
117,Малиновское I селище,В 4 км к северо-западу от дер. Малиновки Майнского района Ульяновской области на левом берегу Волги. Обследовано экспедицией КФАН СССР 1961 г. Коллекции в АК КИЯЛИ АН СССР.
118,Малиновское III селище,В 2 км к северо-востоку от дер. Малиновки на левом берегу Волги. Обследовано эк­спедицией КФАН СССР 1961 г.
119,Старомайнское I селище,На северо-западной окраине с. Старая Майна Майнского района Ульяновской обл. Обследовано Куйбышевской археологической экспедицией 1954 г. В настоящее время затоплено Куйбышевским морем.
120,Старомайнское II селище,"Несколько севернее Старомайнского I селища на левом берегу Майны, левого при­тока Волги. Обследовано Куйбышевской археологической экспедицией 1954 г. В настоящее время затоплено Куйбы­шевским морем."
121,Старомайнское III селище,"В 0, 5 км к северу от Старомайнского I селища на левом берегу Манны. Обследовано Куйбышевской археологической экспедицией 1954 г. В на­стоящее время затоплено Куйбышевским морем."
122,Старомайнское IV селище,"В 1, 5 км к северо-западу от с. Старая Майна на левом берегу Волги. Обследовано Куйбышевской археологической экспедицией 1954 г. и экс­педицией КФАН СССР 1961 г."
123,Старомайнское V селище,"В 0, 8 -0, 9 км к северо-северо-востоку от с. Старая Майна на левом берегу Майны. Обследовано Куйбышевской археологической экспедицией 1954 г. и экспедицией КФАН СССР 1961 г. В настоящее вре­мя затоплено Куйбышевским морем."
124,Грязнухинское I селище,"В 2 км к юго-западу от дер. Грязнухи Майнского района Ульяновской области на правом берегу Майны, левого притока Волги. Обследовано экспедицией КФАН СССР 1961 г. Коллекции в АК КИЯЛИ АН СССР."
125,Грязнухинское II селище,В 3 км к юго-западу от дер. Грязнухи на правом берегу Майны. Обследовано экспе­дицией КФАН СССР 1961.
126,Грязнухинское III селище,"В 0, 6 км к северо-восто­ку от дер. Грязнухи на правом берегу Майны. Обследовано экспедицией КФАН СССР 1961 г."
127,Грязнухинское IV селище,"В 1, 5 км к северо-во­стоку от дер. Грязнухи на правом берегу Майны. Обследо­вано экспедицией КФАН СССР 1961 г."
128,Танкеевское I селище,"В дер. Танкеевка Куйбышев­ского района ТАССР на левом берегу ручья Старая Рытви­на, правого притока р. Утки, левого притока Волги. Обсле­довано экспедициями КИЯЛИ АН СССР 1961 -1965 гг."
129,Танкеевское II селище,"В 0, 4 км к западу от дер. Танкеевка на левом берегу ручья Старая Рытвина. Обсле­довано экспедициями КИЯЛИ АН СССР 1961 -1965 гг."
130,Маклашеевское II городище,"На месте бывшей дер. Маклашеевка Куйбышевского района ТАССР на правом бе­регу р. Утки, левого притока Волги. В 1963 г. раскопано экспедицией КФАН СССР. Коллекции в ГМТР, инв. № 14771. М. Chudiakov, 1927; Е. А. Халикова, 1965, стр. 111, 112."
131,Маклашеевское I селище,"В 360 м к северо-западу от Маклашеевского II городища на правом берегу р. Утки. Обследовано экспедицией КФАН СССР 1963 г. Коллекции в АК КИЯЛИ АН СССР. Е. А. Халиков а, 1965, стр. 112, 113."
132,Маклашеевское II селище,В 250 м к северо-западу от Маклашеевского II городища на правом берегу р. Утки. Обследовано экспедицией КФАН СССР 1963 г. Коллекции в АК КИЯЛИ АН СССР.
133,Маклашеевское III селище,В 150 м к северо-за­паду от Маклашеевского II городища на правом берегу р. Утки. Коллекции в АК КИЯЛИ АН СССР.
134,Маклашеевское IV селище,В 50 м к северо-востоку от Маклашеевского II городища на правом берегу р. Утки. Обследовано экспедицией КФАН СССР 1963 г. Коллекции в АК КИЯЛИ АН СССР.
135,Балымерское городище Шолом,"В дер. Балымеры Куйбышевского района ТАССР на левом берегу Волги. В 1898 г. обследовалось А. А. Спицыным, в 1925 г. - В. Ф. Смо­линым, в 1954 г.  - Куйбышевской археологической экспеди­цией, в 1963 г.  - экспедицией КФАН СССР. Коллекции в ГМТР и ГИМ. С.М. Шпилевский, 1877, стр. 308; архив ИИМК АН СССР, ф. 1, д. 63; В. Ф. Смолин, 1926; А. П. Смирнов, 1951, стр. 24; Б. Б. Жиромский, 1958; Е. А. Халикова, 1965, стр. 111."
136,Балымерское I селище,Непосредственно за валом и рвом балымерского Шолома на левом берегу Волги. Об­следовалось экспедицией КФАН СССР 1963 г.
137,Балымерское II селище,"На юго-восточной окраине дер. Балымеры, в 300 м к юго-востоку от балымерского Шо­лома, на левом берегу Волги. Обследовано экспедицией КФАН СССР 1963 г."
138,Балымерское III селище,На юго-восточной окраине дер. Балымеры в 400 м к юго-востоку от балымерского Шо­лома на левом берегу Волги. Обследовано экспедицией КФАН СССР 1963 г.
139,Балымерское IV селище,В 100 м к юго-востоку от южного конца дер. Балымеры на левом берегу Волги. Обсле­довано экспедицией КФАН СССР 1963 г.
140,Балымерское V селище,"В 1 -0, 8 км к юго-востоку от дер. Балымеры на левом берегу Волги. Исследовано Куй­бышевской археологической экспедицией в 1955 г. Коллек­ции в ГМТР, инв. № 13189. А. М. Ефимова, 1962."
141,Полянское I селище,"В 1 км к югу от с. Полянки Куйбышевского района ТАССР на левом берегу Волги. Об­следовано экспедицией ГМТР 1961 г. и КФАН СССР 1963 г. Коллекции в ГМТР. Е. А. Халикова, 1965, стр. 111."
142,Полянское II селище,"В 200 м к северо-западу от церкви с. Полянки на левом берегу Волги. Обследовано эк­спедициями ГМТР 1961 и КФАН 1963 гг. Коллекции в ГМТР. Е. А. Халиков а, 1965, стр. 110."
143,Балымерское II городище,"В 3 км к северу от дер. Балымеры на левом берегу Филиппова оврага, левого при­тока Волги. Обследовано экспедициями ГМТР 1961 г. и КФАН 1963 г. Коллекции в ГМТР."
144,Урнякское городище,"В 2 км к северо-западу от дер. Урняк Куйбышевского района ТАССР на левом берегу Волги. А. А. Спицын, 1898; Е. А. Халикова, 1965, стр. 112."
145,Селище Бабий бугор,"В Куйбышевском районе ТАССР на месте Болгарского городища. В 1947 г. экспедицией ГИМ, ИИМК АН СССР и ГМТР в нижних горизонтах куль­турных напластований выявлен слой I тысячелетия н. э. Коллекции в ГМТР и ГИМ. З. А. Акчурина и др., 194S, стр. 149, 150; А. П. Смирнов, 1951, стр. 16."
146,Селище Коптелов бугор,"В Куйбышевском районе ТАССР на месте Болгарского городища. В 1938 г. экспеди­цией ГИМ и ИИМК в нижних горизонтах культурного слоя этого памятника выявлен слой I тысячелетия н. э. Коллек­ции в ГИМ, инв. № 79803, коллекция 647. Н.Ф. Калинин, 1948, стр. 94."
147,Щербетьское островное I селище,"В 5, 5 км к севе­ро-западу от с. Щербеть Куйбышевского района ТАССР на левом берегу Бездны, левого притока Камы, в зоне водохра­нилища. Обследовано экспедицией КИЯЛИ АН СССР 1964 - 1965 гг. Коллекции в АК КИЯЛИ АН СССР."
148,Щербетьское II островное селище,"В 390 м к северо-западу от Щербетьского островного I селища, в зоне водо­хранилища. Обследовано экспедицией КИЯЛИ АН СССР 1964 г."
149,Малиновское II селище,На месте бывшей дер. Ма­линовки Куйбышевского района ТАССР на левом берегу Ка­мы. Ныне затоплено водохранилищем. Обследовано в 1964 г. экспедицией КИЯЛИ АН СССР. Коллекции в АК КИЯЛИ АН СССР.
150,Малиновское IV селище,В 500 м к западу от Малиновского I селища на левом берегу Камы. Ныне полно­стью затоплено Куйбышевским морем. Обследовано в 1964 г. экспедицией КИЯЛИ АН СССР. Коллекции в АК КЛЯЛИ АН СССР.
151,Ембулатихинское I селище,"В 2, 5 км к югу от быв­шей дер. Ембулатихи Куйбышевского района ТАССР на ле­вом берегу Камы. Ныне полностью затоплено Куйбышевским морем. Обследовано в 1964 г. экспедицией КИЯЛИ АН СССР. Коллекции в АК КИЯЛИ АН СССР."
152,Ембулатихинское II селище,В 300 -400 м к северо- востоку от Ембулатихинского I селища. Ныне затоплено Куйбышевским морем. В 1964 г. обследовано экспедицией КИЯЛИ АН СССР. Коллекции в АК КИЯЛИ АН СССР.
153,Ембулатихинское III селище,В 400 м к северо-во­стоку от Ембулатихинского II селища на левом берегу Вол­ги. Ныне затоплено Куйбышевским морем. В 1964 г. обсле­довано экспедицией КИЯЛИ АН СССР. Коллекции в АК КИЯЛИ АН СССР.
154,Ембулатихинское IV селище,В 300 м к северо-во­стоку от Ембулатихинского III селища. Ныне затоплено Куй­бышевским водохранилищем. В 1954 г. обследовано экспеди­цией КИЯЛИ АН СССР. Коллекции в АК КИЯЛИ АН СССР.
155,Куйбышевское I селище,"В 4. 5 км к западу от г. Старого Куйбышева ТАССР на левом берегу р. Бездны. В 1946 г. обследовано экспедицией КФАН СССР. Ныне за­топлено Куйбышевским водохранилищем. Коллекции в ГМТР, инв. № 9394. Н.Ф. Калинин, А.Х. Халиков, 1954. стр. 46."
156,Куйбышевское II селище,"В 1, 2 км к востоку от Ста­рого Куйбышева. Обследовано экспедицией КФАН СССР 1946 г. Ныне затоплено водохранилищем. Коллекции в ГМТР. Н.Ф. Калинин, А.Х. Халиков, 1954, стр. 46."
157,Куйбышевское III селище,"В 1 км к юго-востоку от Старого Куйбышева на левом берегу р. Бездны. Обследова­но экспедицией КФАН СССР 1946 г. Коллекции в ГМТР. Н.Ф. Калинин, А.Х. Халиков, 1954, стр. 46."
158,Куйбышевское IV селище,"В 0, 5 км к северо-востоку от Старого Куйбышева, на месте Куйбышевского городища. Обследовано экспедициями КФАН СССР 1946 и 1961 гг. Кол­лекции в ГМТР, инв. № 9383, АА-147. Н.Ф. Калинин, А.Х. Халиков, 1954, стр. 46."
159,Куйбышевское V селище,В 200 м к северу от Куй­бышевского городища на правом берегу р. Бездны. Обследо­вано экспедицией КФАН СССР 1961 г. Коллекции в АК КИЯЛИ АН СССР.
160,Косяковское I селище,"В 1 км к северу от бывшей дер. Косяково Куйбышевского района ТАССР на правом бе­регу Бездны. Обследовано экспедицией КФАН СССР 1946 г. Ныне затоплено водохранилищем. Коллекции в ГМТР. Н.Ф. Калинин, А.Х. Халиков, 1954, стр. 46."
161,Косяковское II селище,"Расположено на месте быв­шей дер. Косяково. Обследовано экспедицией КФАН СССР 1946 г. Ныне затоплено водохранилищем. Коллекции в ГМТР, инв. № 9363, АА-127."
162,Кураловское селище,"В 1, 5 км к югу от Кураловского детского дома на устье речки Утюшки, правого прито­ка р. Бездны. Обследовано экспедициями КФАН СССР 1946 и 1961 гг. Коллекции в ГМТР, инв. № 9364, АА-128. Н.Ф. Калинин, А.Х. Халиков, 1954, стр. 46."
163,Никольское селище,"В 0, 3 км к северу от церкви с. Никольского Куйбышевского района ТАССР. Обследовано экспедицией КФАН СССР 1946 г. Н.Ф. Калинин, А.Х. Халиков, 1954, стр. 46."
164,Антоновское селище,"В 0, 5 км к востоку от дер. Антоновки Куйбышевского района ТАССР на правом берегу р. Бездны. Обследовано экспедицией КФАН СССР 1946 г. Коллекции в ГМТР, инв. 9391, АА-155. Н.Ф. Калинин, А.Х. Халиков, 1954, стр. 46."
165,Хланеевское селище,"В 0, 3 км от дер. Хланеевки Куйбышевского района ТАССР на правом берегу р. Бездны. Обследовано экспедицией КФАН СССР 1946 г. Коллекции в ГМТР. Н.Ф. Калинин, А.Х. Халиков, 1954, стр. 46."
166,Нижнеборисковское селище,"В 1, 5 -2 км к юго-западу  от дер. Нижнее Борисково Куйбышевского района ТАССР на левом берегу р. Бездны. Обследовано экспедицией КФАН СССР 1946 г. Коллекции в ГМТР, инв. № 9374, АА- 138. Н.Ф. Калинин, А.Х. Халиков, 1954, стр. 45."
167,Кошкинское селище,"В 0, 1 км к востоку от дер. Кошки Куйбышевского района ТАССР. Обследовано экспе­дицией КФАН СССР 1946 г. Коллекции в ГМТР, инв. № 9375, АА-139. Н.Ф. Калинин, А.Х. Халиков, 1954, стр. 46."
168,Тюгульбаевское I селище,"В 2 км к северо-востоку от дер. Тат-Тюгульбаево Куйбышевского района ТАССР на правом берегу р. Бездны. Обследовано экспедицией КФАН СССР 1946 г. Коллекции в ГМТР, инв. № 9371, АА-135. Н.Ф. Калинин. А.Х. Халиков, 1954, стр. 46."
169,Тюгульбаевское II селище,"В 1 км к востоку от дер. Русское Тюгульбаево Куйбышевского района ТАССР на пра­вом берегу р. Бездны. Коллекции в ГМТР, инв. № 9371. АА-135. Н.Ф. Калинин, А.Х. Халиков, 1954, стр. 46."
170,Городище Девичий Городок,"В 4 км к западу-юго- западу от с. Татарские Измери Куйбышевского района ТАССР на левом берегу р. Ахтая, левого притока Камы. Обследовано экспедициями КФАН СССР в 1946 и 1961 гг. Коллекции в ГМТР (инв. № 9390, АА-154) и АК КИЯЛИ АН СССР. С. М. Ш и и л е в с к и й, 1877, стр. 38; Н.Ф. Кали­нин, А.Х. Xаликов, 1954, стр. 46-47."
171,Измерское I селище,"На южной окраине с. Татар­ские Измери Куйбышевского района ТАССР на левом берегу р. Ахтая. Обследовано экспедицией КФАН СССР 1946 г. Кол­лекции в ГМТР, инв. № 9397, АА-161. Н.Ф. Калинин, А.Х. Халиков, 1954, стр. 46."
172,Измерское местонахождение,"В 1, 8 км к юго-запа­ду от с. Татарские Измери на левом берегу р. Ахтая. Обсле­довано экспедицией КФАН СССР 1961 г. Коллекции в АК КИЯЛИ АН СССР."
173,Коминтерновское городище,"В 0, 4 км к северо-севе­ро-востоку от пос. Коминтерн Куйбышевского района ТАССР на правом берегу р. Ахтая. Обследовано экспедицией КИЯЛИ АН СССР 1964 г. Коллекции в АК КИЯЛИ АН СССР."
174,Коминтерновское I селище,За валом Коминтерновского городища на правом берегу р. Ахтая. Обследовано экспедицией КИЯЛИ 1964 г. Коллекции в АК КИЯЛИ АН СССР.
175,Коминтерновское II селище,"В 0, 2 км к юго-востоку от Коминтерновского городища. Обследовано экспедицией КФАН СССР 1964 г. Коллекции в АК КИЯЛИ АН СССР."
176,Коминтерновское III селище,"В 0, 9 км к юго-запа­ду от пос. Коминтерн на краю правого берега р. Ахтая. Обследовано экспедициями КФАН СССР 1946 г. и КИЯЛИ АН СССР 1964 г. Коллекции в ГМТР (инв. № 9397, АА-161) и АК КИЯЛИ АН СССР. Н.Ф. Калинин, А.Х. Халиков, 1954, стр 46."
177,Коминтерновское IV селище (Курган),"В 0,7 -0,8 км к северу от пос. Коминтерн на останце правого берега р. Ахтая. Исследовано экспедициями КФАН СССР и КИЯЛИ АН СССР в 1946, 1961 и 1964 гг. Ныне полностью разрушено водохранилищем. Коллекции в ГМТР (инв. № 9365, АА-129) и АК КИЯЛИ АН СССР."
178,Пичкасское I селище,"В 0, 6 км к северо-северо-во­стоку от с. Пичкасы Куйбышевского района ТАССР на пра­вом берегу р. Ахтая. Обследовано экспедицией КФАН СССР в 1961 г. Коллекции в АК КИЯЛИ АН СССР."
179,Пичкасское II селище,"В 1, 8 км к северу от запад­ной окраины с. Пичкасы. Обследовано экспедицией КФАН СССР в 1961 г. Коллекции в АК КИЯЛИ АН СССР."
180,Пичкасское местонахождение,На западной окраи­не с. Пичкасы. Обследовано экспедицией КФАН СССР в 1961 г. Коллекции в АК КИЯЛИ АН СССР.
181,Вожинское селище,"В 0, 7 -0, 8 км к северу от с. Вожи Куйбышевского района ТАССР на правом берегу р. Ахтая. Обследовано экспедицией КФАН СССР в 1961 г. Коллекции в АК КИЯЛИ АН СССР."
182,Бураковское I селище,"В 0, 5 км к востоку от с. Бураково Куйбышевского района ТАССР на правом берегу р.  Ахтая. Обследовано экспедицией КФАН СССР в 1946 г. Коллекции в ГМТР. Н.Ф. Калинин, А.Х. Халиков, 1954, стр. 46."
183,Бураковское II селище,"В 1 км к востоку от с. Бура- ково на месте Бураковского городища. Обследовано экспе­дициями КФАН СССР в 1946 и 1961 гг. Коллекции в ГМТР (инв. № 9367, АА-131) и АН КИЯЛИ АН СССР. Н.Ф. Калинин, А.Х. Халиков, 1954, стр. 46."
184,Бураковское III селище,На левом берегу р. Ахтая на месте дер. Бураково. Выявлено экспедицией КИЯЛИ АН СССР 1964 г.
185,Кожаевское селище,На восточной окраине с. Кожаевки Куйбышевского района ТАССР. Обследовано экспеди­цией КФАН СССР 1961 г. Коллекции в АК КИЯЛИ АН СССР.
186,Каюковское селище,"В 0, 5 км к востоку от с. Каюки Куйбышевского района ТАССР на правом берегу р. Ахтая. Обследовано экспедициями КФАН СССР 1946 и 1961 гг. Коллекции в ГМТР (инв. № 9399, АА-163) и АК КИЯЛИ АН СССР. Н.Ф. Калинин, А.Х. Халиков, 1954, стр. 46."
187,Базяковское селище,"На северо-западной окраине с. Базяково Алексеевского района ТАССР на правом берегу р. Ахтая. Обследовано экспедицией- КФАН СССР 1946 г. Коллекции в ГМТР, инв. № 9395, АА-131. Н.Ф. Калинин, А.Х. Халиков, 1954, стр. 46."
188,Войкинское I селище,"В 0, 2 км к северо-западу от дер. Малое Войкино Алексеевского района ТАССР на левом берегу р. Ахтая. Обследовано экспедицией КФАН СССР 1946 г. Коллекции в ГМТР. Н.Ф. Калинин. А.Х.Хал и- к о в, 1954, стр. 46."
189,Войкинское III селище,"В 400 м к северо-востоку от дер. Ямкино Алексеевского района ТАССР на левом берегу р.  Ахтая. Обследовано экспедицией КФАН СССР 1946 г. Коллекции в ГМТР. Н.Ф. Калинин, А.Х. Халиков, 1954, стр. 46."
190,Войкинское IV селище,"На юго-западной окраине с. Большое Войкино Куйбышевского района ТАССР на ле­вом берегу р. Ахтая. Обследовано экспедицией КФАН СССР 1946 г. Коллекции в ГМТР. Н.Ф. Калинин, А.Х. Халиков, 1954, стр. 46."
191,Войкинское V селище,"В 100 м к северу от дер. Малое Войкино Куйбышевского района ТАССР. Обследовано экспедицией КФАН СССР 1946 г. Коллекции в ГМТР. Н.Ф. Калинин, А.Х. Халиков, 1954, стр. 46.  ;"
192,Ямкинское I селище,"В 200 м к северу от дер. Ямкино на правом берегу р. Ахтая. Обследовано экспедицией КФАН СССР 1946 г. Коллекции в ГМТР, инв. № 9389, АА- 153. Н.Ф. Калинин, А.Х. Халиков, 1954. стр. 46."
193,Ямкинское IV селище,"В 1, 5 км к северо-северо-западу от дер. Ямкино на левом берегу р. Ахтая. Обследовано, экспедицией КФАН СССР 1946 г. Коллекции в ГМТР, инв. № 9389, АА-153. Н.Ф. Калинин, А.Х. Халиков, 1954; стр. 46."
194,Караваевское I селище,"В 500 м к западу от с. Караваево Алексеевского района ТАССР на правом берегу р. Ахтая. Обследовано экспедицией КФАН СССР 1946 г. Кол­лекции в ГМТР, инв. № 9385, АА-149. Н.Ф. Калинин А.Х. Халиков, 1954, стр. 46."
195,Караваевское II селище,"На северо-западной окраине с. Караваево на правом берегу р. Ахтая. Обследовано экспедицией КФАН СССР 1946 г. Коллекции в ГМТР, инв. 9386, АА-150. Н.Ф. Калинин, А.Х. Халиков, 1954 стр. 46.  "
196,Гурьевское III селище,"В 1, 8 км к юго-юго-западу от дер. Гурьевка Алексеевского района ТАССР на правом берегу р. Ахтая. Обследовано экспедицией КФАН 1946 г. Коллекции в ГМТР, инв. № 9361, АА-125. Н.Ф. Калинин, А.Х. Халиков, 1954, стр. 46."
197,Старосельское I селище,"Около церкви с. Старосельского Алькеевского района ТАССР на левом берегу р. Ахтая. Обследовано экспедицией КФАН СССР 1946 г. Коллекции в ГМТР, инв. № 9368, АА-132. Н.Ф. Калинин, А.Х. Xаликов, 1954, стр. 46."
198,Базарноматакское I селище,"В 2, 5 км к северо-восто­ку от с. Базарные Матаки Алькеевского района ТАССР. Об­следовано экспедицией КФАН СССР 1946 г. Коллекции в ГМТР, инв. № 9387, АА-151. Н.Ф. Калинин, А.Х. Xаликов, 1954, стр. 46."
199,Базарноматакское II селище,"В 2, 9 км к северу от с. Базарные Матаки. Обследовано экспедицией КФАН СССР 1946 г. Коллекции в ГМТР, инв. № 9387, АА-151. Н.Ф. Калинин, А.Х. Халиков, 1954, стр. 46."
200,Биктемировское селище,"Около с. Биктемирово Аль­кеевского района ТАССР на левом берегу р. Ахтая. Н.Ф. Калинин, А.Х. Халиков, 1954, стр. 46."
201,Тяжбердинское I селище,"В 400 м к югу от дер. Тяж- бердино Алькеевского района ТАССР на левом берегу р. Ах­тая. Обследовано экспедицией КФАН 1946 г. Коллекции в ГМТР, инв. № 9388, АА-152. Н.Ф. Калинин, А.Х.X а л и- к о в, 1954, стр. 46."
202,Тяжбердинское II селище,"В 0, 5 км к югу от дер. Тяжбердино на правом берегу р. Ахтая. Обследовано экспе­дицией КФАН СССР 1946 г. Коллекции в ГМТР, инв. № 9388, АА-152. Н.Ф. Калинин, А.Х. Халиков, 1954, стр. 46."
203,Березовогривское городище,"В 1, 5 -2 км к юго-за­паду от с. Березовая Грива Алексеевского района ТАССР на левом берегу Камы. Обследовано экспедициями КФАН СССР 1960 и 1961 гг. Коллекции в АК КИЯЛИ АН СССР."
204,Мокрокурналинское I селище,В 3 км к северо-западу от с. Мокрые Курналы Алексеевскою района ТАССР Обследовано экспедицией КФАН СССР 1960 г. Коллекции в АК КИЯЛИ АН СССР.
205,Мокрокурналинское III селище,"Расположено в 0, 6 - 0, 8 км к северо-востоку от с. Мокрые Курналы. Обследовано экспедицией КФАН СССР 1960 г. Коллекции в АК КИЯЛИ АН СССР."
206,Мокрокурналинское I местонахождение,"В 3, 5 км к западу от с. Мокрые Курналы. Обследовано экспедицией КФАН СССР 1960 г. Коллекции в АК КИЯЛИ АН СССР."
207,Мокрокурналинское III местонахождение,"В 2, 5 км к востоку от с. Мокрые Курналы. Обследовано экспедицией КФАН СССР 1946 г. Коллекции в АК КИЯЛИ АН СССР."
208,Остолоповское I селище,В 3 км к юго-востоку от дер. Остолопово Алексеевского района ТАССР на левом бере­гу р. Шенталы. левого притока р. Камы. Обследовано экспе­дицией КФАН СССР 1960 г. Коллекции в АК КИЯЛИ АН СССР.
209,Большетигановское I селище,"В 0, 8 км к югу от с. Большие Тиганы Алексеевского района ТАССР на правом берегу р. Ошняк, левого притока р. Шенталы. Обследовано экспедицией КФАН СССР 1960 г. Коллекции в АК КИЯЛИ АН СССР."
210,Большетигановское III селище,В 3 км к северо-за­паду от с. Большие Тиганы на правом берегу р. Ошняк. Об­следовано экспедицией КФАН СССР 1946 г. Коллекции в АК КИЯЛИ АН СССР.
211,Ошнякское II селище,В средней части с. Ошняк Алексеевского района ТАССР на правом берегу р. Ошняк. Обследовано экспедицией КИЯЛИ АН СССР 1960 г. Коллек­ции в АК КИЯЛИ АН СССР.
212,Ледокольское селище,В 2 км к северо-востоку от дер. Ледокол Чистопольского района ТАССР. Обследовано экспедицией КИЯЛИ АН СССР 1960 г. Коллекции в АК КИЯЛИ АН СССР.
213,Ледокольское местонахождение,"В 1, 6 км к северу от дер. Ледокол. Обследовано экспедицией КФАН СССР 1960 г. Коллекции в АК КИЯЛИ АН СССР."
214,Лягушкинское I селище,"В 0, 7 км к западу от дер. Лягушкино Чистопольского района на левом берегу речки Булачки, левом притоке р. Шенталы. Обследовано экспеди­цией КФАН СССР 1960 г. Коллекции в АК КИЯЛИ АН СССР."
215,Лягушкинское II селище,"В 1, 7 км к югу от дер. Лягушкино  на левом берегу речки Булачки. Обследовано эк­спедицией КФАН СССР 1960 г. Коллекции в АК КИЯЛИ АН"
216,Байтеряковское I селище,"В 400 м к северу от дер. Байтеряково Чистопольского района ТАССР на правом бе­регу р. Бахты, правого притока р. Шенталы. Обследовано экспедицией КФАН СССР 1960 г. Коллекции в АК КИЯЛИ АН СССР"
217,Байтеряковское III селище,"В 1, 5 км к юго-западу от дер. Байтеряково на правом берегу речки Бахты. Обсле­довано экспедицией КФАН СССР 1960 г. Коллекции в АК КИЯЛИ АН СССР."
218,Байтеряковское IV селище,"В 2, 5 км к юго-востоку от дер. Байтеряково на правом берегу речки Бахты. Обсле­довано экспедицией КФАН СССР 1960 г. Коллекции в АК КИЯЛИ АН СССР."
219,Березовское городище,"В 2 км к северу от дер. Бе­резовки Чистопольского района ТАССР на левом берегу Ка­мы. Обследовано экспедицией КФАН СССР 1960 г. Коллек­ции в АК КИЯЛИ АН СССР. «Казанские губернские ведо­мости», 1862. № 35; С. М. Шпилевский, 1877, стр. 410 - 411."
220,Новочистопольское I селище,"В 0, 3 -0, 4 км к северу от дер. Чистопольские Выселки Чистопольского района ТАССР. Обследовано экспедицией КФАН СССР 1960 г. Кол­лекции в АК КИЯЛИ АН СССР."
221,Новочистопольское II селище,. У северо-западной окраины дер. Чистопольские Выселки. Обследовано эк­спедицией КФАН СССР 1960 г. Коллекции в АК КИЯЛИ АН СССР.
222,Новочистопольское IV селище,"В 0, 2 км к западу- северо-западу от центральной части дер. Чистопольские Вы­селки. Обследовано экспедицией КФАН СССР 1960 г. Кол­лекции в АК КИЯЛИ АН СССР."
223,Новочистопольское V селище,У западной окраины центральной части дер. Чистопольские Выселки. Обследова­но экспедицией КФАН СССР 1960 г. Коллекции в АК КИЯЛИ АН СССР.
224,Галактионовское I местонахождение,"В 0, 4 км к югу от 3-го отделения Галактионовского совхоза Чистопольско­го района ТАССР на левом берегу речки Грязнухи. левого притока р. Прость. Обследовано экспедицией КФАН СССР 1960 г. Коллекции в АК КИЯЛИ АН СССР."
225,Русскосарсазское городище,"В 2, 5 -3 км к северо-западу-западу от дер. Русский Сарсаз Чистопольского райо­на ТАССР на левом берегу р. Прость, левого притока Камы. Обследовано экспедицией КФАН СССР 1960 г. Коллекции в АК КИЯЛИ АН СССР."
226,Русскосарсазское I местонахождение,В 1 км к се­веро-западу от дер. Русский Сарсаз. Обследовано экспеди­цией КФАН СССР 1960 г. Коллекции в АК КИЯЛИ АН СССР.
227,Суворовское селище,"В 0, 2 -0, 3 км к северо-западу от дер. Суворовки Чистопольского района ТАССР. Обследо­вано экспедицией КФАН СССР 1960 г. Коллекции в АК КИЯЛИ АН СССР."
228,Свердловское I селище,"У западной окраины пос. Свердловец I Чистопольского района ТАССР на левом бере­гу речки Толкишки, левого притока р. Шешмы. левого притока Камы. Обследовано экспедицией КФАН СССР 1960 г. Коллекции в АК КИЯЛИ АН СССР."
229,Среднетолкишкинское I селище,". В 0, 5 -0, 6 км к се­веро-востоку от дер. Средний Толкиш Чистопольского райо­на ТАССР на левом берегу речки Толкиш, левого притока р.  Шешмы. Обследовано экспедицией КФАН СССР 1960 г. Коллекции в АК КИЯЛИ АН СССР."
230,Татсунчелеевское городище,"В 0, 5 км к северу от с. Татсунчелеево Татсунчелеевского района ТАССР на пра­вом берегу р. Большой Сульчи, правого притока р. Большой Черемшан, левого притока Волги. Обследовано экспедицией КФАН СССР 1963 г. Коллекции в АК КИЯЛИ АН СССР. В. Карасев, 1911, стр. 11."
231,Татсунчелеевское I селище,За валом Татсунчеле­евского городища на правом берегу р. Большой Сульчи. Об­следовано экспедицией КФАН СССР 1963 г. Коллекции в АК КИЯЛИ АН СССР.
232,Татсунчелеевское II селище,"В 1, 5 км к северо-се­веро-западу от с. Татсунчелеево на правом берегу р. Боль­шой Сульчи. Обследовано экспедицией КФАН СССР 1963 г. Коллекции в АК КИЯЛИ АН СССР."
233,Селище МЮД I,"В 2, 3 -2, 6 км к северо-западу от центральной усадьбы совхоза МЮД Аксубаевского района ТАССР на правом берегу р. Большой Сульчи. Обследовано экспедицией КФАН СССР 1963 г. Коллекции в АК КИЯЛИ АН СССР."
234,Селище МЮД II,"В 0, 35 -0, 5 км к северо-западу от центральной усадьбы совхоза МЮД на правом берегу р. Боль­шой Сульчи. Обследовано экспедицией КФАН СССР 1963 г. Коллекции в АК КИЯЛИ АН СССР."
235,Селище МЮД III,"В 0,2-0,3 км к северо-востоку от селища МЮД II. Обследовано экспедицией КФАН СССР 1963 г. Коллекции в АК КИЯЛИ АН СССР."
236,Старомокшинское городище,"В 1, 2 -1, 3 км к северу от с. Старое Мокшино Аксубаевского района ТАССР в вер­ховьях Шишкинcкого оврага. Обследовано экспедицией КФАН СССР 1963 г. Коллекции в АК КИЯЛИ АН СССР."
237,Старомокшинское I селище,"В 0, 8 км к северу от с. Старое Мокшино на правом берегу Шишкинского оврага. Обследовано экспедицией КФАН СССР 1963 г. Коллекции в АК КИЯЛИ АН СССР."
238,Старомокшинское II селище,В 1 км к северу от с. Старое Мокшино на правом берегу Шишкинского оврага. Обследовано экспедицией КФАН СССР 1963 г. Коллекции в АК КИЯЛИ АН СССР.
239,Киязлинское I селище,"В 1, 5 км к юго-западу от с. Киязлы Аксубаевского района ТАССР. Обследовано экспе­дицией КФАН СССР 1963 г. Коллекции в АК КИЯЛИ АН СССР."
240,Киязлинское II селище,"В 0, 4 км к западу от с. Ки­язлы. Обследовано экспедицией КФАН СССР 1963 г. Коллек­ции в АК КИЯЛИ АН СССР."
241,Новокутушское II селище,"В 0, 2 км к северо-западу от дер. Новый Кутуш Аксубаевского района ТАССР. Обсле­довано экспедицией КФАН СССР 1963 г. Коллекции в АК КИЯЛИ АН СССР."
242,Новокутушское III селище,"В 0, 2 км к северу от восточного края дер. Новый Кутуш. Обследовано экспедици­ей КФАН СССР 1963 г. Коллекции в АК КИЯЛИ АН СССР."
243,Ульяновское I селище,"В 0, 3 км к северо-западу от дер. Ульяновки Аксубаевского района ТАССР. Обследовано экспедицией КФАН СССР 1963 г. Коллекции в АК КИЯЛИ АН СССР."
244,Ульяновское II селище,"В 0, 2 км к северу от дер. Уль­яновки. Обследовано экспедицией КФАН СССР 1963 г. Коллек­ции в АК КИЯЛИ АН СССР."
245,Староильмовское II селище,В 1 км к юго-востоку от дер. Старое Ильмово Аксубаевского района ТАССР на правом берегу р. Большой Сульчи. Обследовано экспедицией КФАН СССР 1963 г. Коллекции в АК КИЯЛИ АН СССР.
246,Тюрнясовское I селище,"В 0, 3 км к северу от цен­тральной усадьбы Тюрнясовского совхоза Аксубаевского рай­она. Обследовано экспедицией КФАН СССР 1963 г. Коллекции в АК КИЯЛИ АН СССР."
247,Тюрнясовское II селище,"В 0, 6 км к северу от цент­ральной усадьбы Тюрнясовского совхоза. Обследовано экспе­дицией КФАН СССР 1963 г. Коллекции в АК КИЯЛИ АН СССР."
248,Кичкальнинское селище,"В 0, 4 -0, 5 км к юго-востоку от дер. Кичкальня Октябрьского района ТАССР на левом бе­регу речки Марасы, левого притока р. Малый Черемшан, пра­вого притока р. Большой Черемшан. Обследовано экспедици­ей КИЯЛИ АН СССР 1964 г. Коллекции в АК КИЯЛИ АН СССР."
249,Нижнекачеевское I селище,"В 1, 3 -1, 2 км к востоку от дер. Нижнее Качеево Алькеевского района ТАССР на пра­вом берегу р. Неш, правого притока р. Малый Черемшан. Об­следовано экспедицией КИЯЛИ АН СССР 1965 г. Коллекции в АК КИЯЛИ АН СССР."
250,Нижнекачеевское II селище,"В 1, 5 км к востоку-юго- востоку от дер. Нижнее Качеево на левом берегу р. Неш. Об­следовано экспедицией КФАН СССР 1965 г. Коллекции в АК КИЯЛИ АН СССР."
251,Нижнекачеевское IV местонахождение,В 2 км к во­стоку-северо-востоку на левом берегу р. Неш. Обследовано эк­спедицией КИЯЛИ АН СССР 1965 г. Коллекции в АК КИЯЛИ АН СССР.
252,Нижнеалькеевское I селище,"В 2, 5 км к востоку-севе­ро-востоку от дер. Нижнее Алькеево Алькеевского района ТАССР на правом берегу Малого Черемшана. Обследовано эк­спедицией КИЯЛИ АН СССР 1965 г. Коллекции в АК КИЯЛИ АН СССР."
253,Нижнеалькеевское I селище,"В 1, 7 -1, 8 км к восто­ку-северо-востоку от дер. Нижнее Алькеево на правом берегу речки Аты, правого притока р. Малый Черемшан. Обследова­но экспедицией КИЯЛИ АН СССР 1965 г. Коллекции в АК КИЯЛИ АН СССР."
254,Чувбродское II селище,"В 0, 8 км к югу от дер. Чувброд Алькеевского района ТАССР. Обследовано экспедицией КИЯЛИ АН СССР 1965 г. Коллекции в АК КИЯЛИ АН СССР."
255,Юхмачинское селище,"В 1, 5 км к северо-северо-восто­ку от дер. Юхмачи Алькеевского района ТАССР на правом бе­регу р. Малый Черемшан. Обследовано экспедицией КИЯЛИ АН СССР 1965 г. Коллекции в АК КИЯЛИ АН СССР."
256,Верхнеальмурзинское I селище,"Против западной части  дер. Верхнее Альмурзино Алькеевского района ТАССР на левом берегу речки Юхмачки, правого притока Малого Черемшана . Обследовано экспедицией КИЯЛИ АН СССР 1965 г. Коллекции в АК КИЯЛИ АН СССР."
257,Верхнеальмурзинское II селище,Около дер. Верхнее Альмурзино на левом берегу речки Юхмачки. Обследовано экспедицией КИЯЛИ АН СССР 1985 г. Коллекции в АК КИЯЛИ АН СССР.
258,Белозерское селище,Против южного конца поселка Белозерский Алькеевского района ТАССР. Обследовано экспедицией  КИЯЛИ АН СССР 1965 г. Коллекции в АК КИЯЛИ АН СССР.
259,Новосахчинское местонахождение,"В 0, 9 км к юго- юго-западу от дер. Новая Сахча Мелекесского района Улья­новской области на правом берегу р. Малый Черемшан. Об­следовано экспедицией КИЯЛИ АН СССР 1965 г. Коллекции в АК КИЯЛИ АН СССР."
260,Старосахчинское селище,"В 2, 1 -2, 2 км к северо-запа­ду от дер. Старая Сахча Мелекесского района Ульяновской обл. на правом берегу р. Малый Черемшан. Обследовано эк­спедицией КИЯЛИ АН СССР 1965 г. Коллекции в АК КИЯЛИ АН СССР."
261,Сихтерьминское селище,"В 1 км к востоку от дер. Сихтерьма Алькеевского района ТАССР на левом берегу реч­ки Ата, правого притока Малого Черемшана. Обследовано эк­спедицией КИЯЛИ АН СССР 1965 г. Коллекции в АК КИЯЛИ АН СССР."
262,Старосантемировское I селище,"В 1, 1 -1. 2 км к севе­ру от дер. Старый Сантемир Новомалыклинского района Уль­яновской обл. Обследовано экспедицией КИЯЛИ АН СССР 1965 г. Коллекции в АК КИЯЛИ АН СССР."
263,Старосантемировское II селище,"В 1, 5 км к западу- северо-западу от дер. Старый Сантемир. Обследовано экспеди­цией КИЯЛИ АН СССР 1965 г. Коллекции в АК КИЯЛИ АИ СССР."
264,Новокармалинское местонахождение,"В 0, 3 км к юго- западу от дер. Новая Кармала Кошкинского района Куйбы­шевской области. Обследовано экспедицией КИЯЛИ АН СССР 1965 г. Коллекции в АК КИЯЛИ АН СССР."
265,Старокармалинское местонахождение,"В 1, 2 км к се­веро-северо-западу от северо-западного конца дер. Старая Кармала Кошкинского района Куйбышевской обл. Обследова­но экспедицией КИЯЛИ АН СССР 1965 г. Коллекции в АК КИЯЛИ АН СССР."
266,Маломаксимкинское I селище,В 1 км к юго-западу от дер. Малое Максимкино Кошкинского района Куйбышев­ской обл. на левом берегу р. Большой Черемшан. Обследова­но экспедицией КИЯЛИ АН СССР 1965 г. Коллекции в АК КИЯЛИ АН СССР.
267,Маломаксимкинское II селище,У северного края дер. Малое Максимкино Кошкинского района Куйбышевской об­ласти на левом берегу р. Большой Черемшан. Обследовано экспедицией КИЯЛИ АН СССР 1965 г. Коллекции в АК КИЯЛИ АН СССР.
268,Старомаксимкинское местонахождение,В 1 км к за­паду от средней части дер. Старое Макспмкино Кошкинского района Куйбышевской обл. на левом берегу р. Большой Че­ремшан. Обследовано экспедицией КИЯЛИ АН СССР 1965 г. Коллекции в АК КИЯЛИ АН СССР.
269,Каргаринское местонахождение,В 1 км к западу от дер. Караульная Гора Октябрьского района ТАССР на левом берегу р. Большой Черемшан. Обследовано экспедицией КИЯЛИ АН СССР 1965 г. Коллекции в АК КИЯЛИ АН СССР.
270,Каргаринское селище,"В 1,2 км к востоку от дер. Ка­раульная Гора на левом берегу р. Большой Черемшан. Обсле­довано экспедицией КИЯЛИ АН СССР 1965 г. Коллекции в АК КИЯЛИ АН СССР."
271,Менчское селище,"В 0, 5 км к северо-западу от дер. Русская Менча Октябрьского района ТАССР на правом бере­гу р. Большой Черемшан. Обследовано экспедицией КИЯЛИ АН СССР 1965 г. Коллекции в АК КИЯЛИ АН СССР."
272,Бурметьевское II селище,"В 0,7 -0,8 км к западу-юго-западу  от южного конца дер. Бурметьево Октябрьского рай­она ТАССР на левом берегу р. Большой Черемшан. Обследо­вано экспедицией КИЯЛИ АН СССР 1965 г. Коллекции в АК КИЯЛИ АН СССР."
273,Бурметьевское III селище,"В 0, 6 км к северо-западу от дер. Бурметьево на левом берегу р. Большой Черемшан. Обследовано экспедицией КИЯЛИ АН СССР 1965 г. Коллек­ции в АК КИЯЛИ АН СССР."
274,Вышневополянское I селище,"В 0, 9 км к юго-западу от северо-западного конца дер. Вишневая Поляна Октябрь­ского района ТАССР на левом берегу р. Большой Черемшан. Обследовано экспедицией КИЯЛИ АН СССР 1965 г. Коллек­ции в АК КИЯЛИ АН СССР."
275,Вишневополянское II селище,В 1 км к западу от дер. Вишневая Поляна Октябрьского района ТАССР на пра­вом берегу р. Большой Черемшан. Обследовано экспедицией КИЯЛИ АН СССР 1965 г. Коллекции в АК КИЯЛИ АН СССР.
276,Сиделькинское I селище,"В 0, 6 км к северо-западу от моста через Черемшан у дер. Сиделькино Куйбышевской обл. на правом берегу р. Большой Черемшан. Обследовано экспе­дицией КИЯЛИ АН СССР 1965 г. Коллекции в АК КИЯЛИ АН СССР."
277,Сиделькинское II селище,Над Сиделькинским I селищем на правом берегу р. Большой Черемшан. Обследо­вано экспедицией КИЯЛИ АН СССР 1965 г. Коллекции в АК КИЯЛИ АН СССР.
278,Сиделькинское III селище,"В 0, 6 км к западу от дер. Сиделькино на правом берегу р. Большой Черемшан. Обсле­довано экспедицией КИЯЛИ АН СССР 1965 г. Коллекции в АК КИЯЛИ АН СССР."
279,Староэштебенькинское селище,"В 1, 5 км к северо-се­веро-востоку от дер. Старое Эштебенькино Шенталинского района Куйбышевской обл. Обследовано экспедицией КИЯЛИ АН СССР 1965 г. Коллекции в АК КИЯЛИ АН СССР."
280,Чувэштебенькинское I селище,"В 0, 1 км к западу от дер. Чувашское Эштебенькино Шенталинского района Куй­бышевской обл. на правом берегу р. Большой Черемшан. Об­следовано экспедицией КИЯЛИ АН СССР 1965 г. Коллекции в АК КИЯЛИ АН СССР."
281,Чувэштебенькинское II селище,"В 0, 5 км к северо- востоку от дер. Чувашское Эштебенькино на правом берегу р. Большой Черемшан. Обследовано экспедицией КИЯЛИ АН СССР 1965 г. Коллекции в АК КИЯЛИ АН СССР."
282,Баганское селище,"В 1, 2 км к западу от дер. Вагана Шенталинского района Куйбышевской обл. на правом берегу р. Большой Черемшан. Обследовано экспедицией КИЯЛИ АН СССР 1965 г. Коллекции в АК КИЯЛИ АН СССР."
283,Каменнобродское I селище,"В 2, 5 км к востоку от пос. Каменный Брод Шенталинского района Куйбышевской обл. на левом берегу р. Большой Черемшан. Коллекции в АК КИЯЛИ АН СССР."
284,Каменнобродское II селище,"В 0, 1 км к северу от пос. Каменный Брод на левом берегу р. Большой Черемшан. Об­следовано экспедицией КИЯЛИ АН СССР 1965 г. Коллекции в АК КИЯЛИ АН СССР."
285,Искровское селище,"В 0, 15 км к северу от дер. Искры Шенталинского района Куйбышевской обл. на правом берегу р. Большой Черемшан. Обследовано экспедицией КИЯЛИ АН СССР 1965 г. Коллекции в АК КИЯЛИ АН СССР."
286,Казанкинское II селище,"В 0, 75 м к западу-северо- западу от дер. Казанка Черемшанского района ТАССР на правом берегу р. Большой Черемшан. Обследовано экспе­дицией КИЯЛИ АН СССР 1965 г. Коллекции в АК КИЯЛИ АН СССР."
287,Казанкинское III селище,"В 1, 5 км к северо-востоку от дер. Казанка на правом берегу р. Большой Черемшан. Обследовано экспедицией КИЯЛИ АН СССР 1965 г. Коллек­ции в АК КИЯЛИ АН СССР."
288,Пролетарское городище,"В 0, 3 км к северо-востоку от пос. Пролетарский Шенталинского района Куйбышевской обл. на правом берегу р. Большой Черемшан. Обследовано экспедицией КИЯЛИ АН СССР 1965 г. Коллекции в АК КИЯЛИ АН СССР."
289,Кара-Бикуловское местонахождение,"В 1, 2 км к северо-западу от дер. Кара-Бикулово Шенталинского района Куйбышевской обл. на правом берегу р. Большой Черемшан. Обследовано экспедицией КИЯЛИ АН СССР 1965 г. Коллек­ции в АК КИЯЛИ АН СССР."
290,Покровское селище,"В 0, 7 км к западу от дер. По­кровка Шенталинского района Куйбышевской обл. Обсле­довано экспедицией КИЯЛИ АН СССР 1965 г. Коллекции в АК КИЯЛИ АН СССР."
291,Покровское I местонахождение,"В 0, 55 -0, 57 км к востоку от дер. Покровки. Обследовано экспедицией КИЯЛИ АН СССР 1965 г. Коллекции в АК КИЯЛИ АН СССР."
292,Покровское II местонахождение,"В 0, 5 км к югу от Покровского I местонахождения. Обследовано экспедицией КИЯЛИ АН СССР 1965 г. Коллекции в АК КИЯЛИ АН СССР."
293,Степношенталинское местонахождение,"В 2 км к югу от дер. Степная Шентала Кошкинского района Куйбы­шевской обл. на правом берегу речки Кармалы, левого при­тока р.  Большой Черемшан.  Обследовано экспедицией КИЯЛИ АН СССР 1965 г. Коллекции в АК КИЯЛИ АН СССР."
294,Сотниковское I селище,"В 0, 5 км к западу-юго-запа­ду от дер. Сотниково Черемшанского района ТАССР на пра­вом берегу речки Кармалочки, правого притока р. Большой Черемшан. Обследовано экспедицией КИЯЛИ АН СССР 1965 г. Коллекции в АК КИЯЛИ АН СССР."
295,Сотниковское II селище,"В 0, 9 км к северу от дер. Сотниково на левом берегу речки Лашманки, правого при­тока р.  Большой Черемшан.  Обследовано экспедицией КИЯЛИ АН СССР 1965 г. Коллекции в АК КИЯЛИ АН СССР."
296,Сотниковское III селище,"В 3, 5 км к северо-востоку от дер. Сотниково. Обследовано экспедицией КИЯЛИ АН СССР 1965 г. Коллекции в АК КИЯЛИ АН СССР."
297,Сотниковское IV селище,"В 0, 3 км к югу от дер. Сотниково на правом берегу речки Лашманки. Обследовано экспедицией КИЯЛИ АН СССР 1965 г. Коллекции в АК КИЯЛИ АН СССР."
298,Сотниковское V селище,"В 1, 7 -1, 8 км к северо-се­веро-востоку от дер. Сотниково на правом берегу речки Кармалочки. Обследовано экспедицией КИЯЛИ АН СССР 1965 г. Коллекции в АК КИЯЛИ АН СССР."
299,Сотниковское VI селище,"В 0, 3 км к западу от до­роги стройтреста, на правом берегу речки Кармалочки. Об­следовано экспедицией КИЯЛИ АН СССР 1965 г. Коллекции в АК КИЯЛИ АН СССР."
300,Урнякское I селище,"В 1, 2 км к западу от дер. Урняк  Октябрьского района ТАССР. Обследовано экспедицией КИЯЛИ АН СССР 1965 г. Коллекции в АК КИЯЛИ АН СССР."
301,Урнякское II селище,"В 0, 1 км к западу от дер. Урняк . Обследовано экспедицией КИЯЛИ АН СССР 1965 г. Кол­лекции в АК КИЯЛИ АН СССР."
302,Урнякское III селище,В 1 км к востоку от дер. Урняк . Обследовано экспедицией КИЯЛИ АН СССР 1965 г. Коллекции в АК КИЯЛИ АН СССР.
303,Караваевское I селище,В 60 -70 м к северо-за­паду от дер. Курманаево Октябрьского района ТАССР на левом берегу р. Большой Черемшан. Обследовано экспеди­цией КИЯЛИ АН СССР 1965 г. Коллекции в АК КИЯЛИ АН СССР.
304,Караваевское II селище,На южной окраине дер. Курманаево на левом берегу р. Большой Черемшан. Обсле­довано экспедицией КИЯЛИ АН СССР 1965 г. Коллекции в АК КИЯЛИ АН СССР.
305,Селище Единение,К северу от пос. Единение Ок­тябрьского района ТАССР. Обследовано экспедицией КИЯЛИ АН СССР 1965 г. Коллекции в АК КИЯЛИ АН СССР.
306,Краснозвездинское селище,"В 0, 3 км к северо-во­стоку от дер. Красная Звезда Октябрьского района ТАССР на правом берегу р. Большой Черемшан. Обследовано экспедицией  КИЯЛИ АН СССР 1965 г. Коллекции в АК КИЯЛИ АН СССР."
307,Сосновское I селище,"В 2, 3 км к востоку-северо-востоку от дер. Сосновки Чистопольского района ТАССР на правом берегу р. Шешмы. Обследовано экспедицией КИЯЛИ АН СССР 1965 г. Коллекции в АК КИЯЛИ АН СССР."
308,Сосновское II селище,"В 1, 5 км к востоку от дер. Сосновки на правом берегу р. Шешмы. Обследовано экспе­дицией КИЯЛИ АН СССР 1965 г. Коллекции в АК КИЯЛИ АН СССР."
309,Сосновское III селище,В 150 м выше от Сосновского II селища на правом берегу р. Шешмы. Обследовано экспедицией КИЯЛИ АН СССР 1965 г. Коллекции в АК КИЯЛИ АН СССР.
310,Ленинское I местонахождение,Против пос. Ленино Чистопольского района ТАССР на левом берегу р. Шешмы. Обследовано экспедицией КИЯЛИ АН СССР 1965 г. Коллек­ции в АК КИЯЛИ АН СССР.
311,Ленинское III местонахождение,В 2 км от восточ­ного конца поселка на правом берегу р. Шешмы. Обследо­вано экспедицией КИЯЛИ АН СССР 1965 г. Коллекции в АК КИЯЛИ АН СССР.
312,Горшковское селище,"В 2, 2 км к северо-востоку от северного конца дер. Горшково Чистопольского района ТАССР на правом берегу р. Шешмы. Обследовано экспеди­цией КИЯЛИ АН СССР 1965 г. Коллекции в АК КИЯЛИ АН СССР."
313,Буденновское селище,"В 2, 5 км к юго-востоку от дер. Буденновец I Чистопольского района ТАССР. Обследо­вано экспедицией КИЯЛИ АН СССР 1965 г. Коллекции в АК КИЯЛИ АН СССР."
314,Кармалинское II селище,"В 0, 5 км. к северо-западу от дер. Кармалы Чистопольского района ТАССР. Обследова­но экспедицией КИЯЛИ АН СССР 1965 г. Коллекции в АК КИЯЛИ АН СССР."
315,Кулмаксинское селище,"В 0, 8 км к северо-западу от дер. Кулмакса Чистопольского района ТАССР на правом берегу речки Медведки, правого притока р. Шешмы. Обсле­довано экспедицией КИЯЛИ АН СССР 1965 г. Коллекции в АК КИЯЛИ АН СССР."
316,Архангельское I селище,"В 3, 4 -3, 5 км к югу от дер. Архангельское Чистопольского района ТАССР. Обследовано экспедицией КИЯЛИ АН СССР 1965 г. Коллекции в АК КИЯЛИ АН СССР."
317,Архангельское III селище,"В 1, 7 км к юго-юго-за­паду от южного конца дер. Архангельское. Обследовано эк­спедицией КИЯЛИ АН СССР 1965 г. Коллекции в АК КИЯЛИ АН СССР."
318,Архангельское III местонахождение,"В 3, 2 -3, 3 км к северо-северо-востоку от дер. Архангельское. Обследова­но экспедицией КИЯЛИ АН СССР 1965 г. Коллекции в АК КИЯЛИ АН СССР."
319,Архангельское V местонахождение,В 4 км к югу от дер. Архангельское на правом берегу р. Шешмы. Обсле­довано экспедицией КИЯЛИ АН СССР 1965 г. Коллекции в АК КИЯЛИ АН СССР.
320,Старопальчиковское селище,"В 0, 7 км к востоку от дер. Старое Пальчиково Челнинского района ТАССР на ле­вом берегу р. Зай, левого притока Камы. Обследовано экспе­дицией КИЯЛИ АН СССР 1965 г. Коллекции в АК КИЯЛИ АН СССР."
321,Старопальчиковское местонахождение,"В 0, 8 км к юго-востоку от дер. Старое Пальчиково Челнинского района ТАССР на левом берегу р. Зай. Обследовано экспедицией КИЯЛИ АН СССР 1965 г. Коллекции в АК КИЯЛИ АН СССР."
322,Старопальчиковское городище,"В 0, 8 -0, 9 км к се­веро-северо-западу от дер. Старое Пальчиково на правом берегу р. Зай. Обследовано экспедицией КИЯЛИ АН СССР 1965 г. Коллекции в АК КИЯЛИ АН СССР."
323,Малопальчиковское селище,"В 1, 5 км к северо-за­паду от дер. Малое Пальчиково Челнинского района ТАССР. Обследовано экспедицией КИЯЛИ АН СССР 1965 г. Коллек­ции в АК КИЯЛИ АН СССР."
324,Малопальчиковское местонахождение,"В 1, 5 км к северо-западу от дер. Малое Пальчиково. Обследовано экспедицией  КИЯЛИ АН СССР 1965 г. Коллекции в АК КИЯЛИ АН СССР."
325,Тубинское селище,"В 0, 8 -0, 9 км к северо-востоку от дер. Туба Нижнекамского района ТАССР. Обследовано экспедицией КИЯЛИ АН СССР 1965 г. Коллекции в АК КИЯЛИ АН СССР."
326,Ташлыкское III селище,"В 1 км к юго-западу от дер. Ташлык Нижнекамского района ТАССР на левом берегу речки Камаево, правого притока р. Зай. Обследовано экспедицией  КИЯЛИ АН СССР 1965 г. Коллекции в АК КИЯЛИ АН СССР."
327,Зай-Чишминское селище,"В 0, 3 км к северо-северо- западу от дер. Зай-Чишма Альметьевского района ТАССР на правом берегу р. Степной Зай. Обследовано экспедицией КИЯЛИ АН СССР 1965 г. Коллекции в АК КИЯЛИ АН СССР."
328,Ямашевское селище,"В 1, 7 км к югу от дер. Ямашево Альметьевского района на левом берегу р. Степной Зай. Обследовано экспедицией КИЯЛИ АН СССР 1965 г. Коллек­ции в АК КИЯЛИ АН СССР."
329,Новомаврикинское селище,"В 1, 5 км к северо-восто­ку от дер. Новое Маврикино Альметьевского района ТАССР на правом берегу р. Степной Зай. Обследовано экспедицией КИЯЛИ АН СССР 1965 г. Коллекции в АК КИЯЛИ АН СССР."
330,Петровское селище,"В 2, 5 км к северо-западу от дер. Петровка Альметьевского района ТАССР. Обследовано эк­спедицией КИЯЛИ АН СССР. Коллекции в АК КИЯЛИ АН СССР."
331,Подлесношенталинское городище,В 2 км к югу от с. Подлесная Шентала Чистопольского района ТАССР. Об­следовано экспедицией КИЯЛИ АН СССР 1965 г. Коллекции в АК КИЯЛИ АН СССР.
332,Иржавецкое I селище,"На северной окраине пос. Иржавец Куйбышевского района ТАССР на левом берегу р.  Волги. Обследовано экспедицией ГМТР 1961 г. Коллекции в ГМТР, инв. № 14372."
333,Иржавецкое II селище,"В 1, 5 км к северо-западу от пос. Иржавец на левом берегу Волги. Обследовано экспе­дицией ГМТР 1961 г. Коллекции в ГМТР, инв. № 14373."
334,Иржавецкое IV селище,"В 1 км к северо-западу от пос. Иржавец на левом берегу Волги. Обследовано экспеди­цией ГМТР 1961 г. Коллекции в ГМТР, инв. № 14384."
335,Щербетьское II селище,"В 2 км к северо-западу от с.  Щербеть Куйбышевского района ТАССР на левом берегу Волги. Обследовано экспедицией КИЯЛИ АН СССР 1961 г. Коллекции в ГМТР, инв. № 14370."
336,Щербетьское III селище,"В 3 км к северо-западу от с. Щербеть Куйбышевского района ТАССР на левом берегу Волги. Обследовано экспедицией ГМТР. Коллекции в ГМТР, инв. № 14371."
